reviewId,userName,userImage,content,score,thumbsUpCount,reviewCreatedVersion,at,replyContent,repliedAt,appVersion
7e1815f2-36d1-4187-a936-12f969747892,Catherine Hempel,https://play-lh.googleusercontent.com/a-/ALV-UjXSlbshutvGhzEtwaF66-XlZRkbLjJXRFhNzGshNoybvycODl7JUQ,"The free version is terrible. Bro you can only do 6 skips per hour and then it gives you a whole bunch of recommendations into the playlists you're listening to! like bro when I make a playlist I like it how it is I don't need some robot to recommend things for it! like seriously! I pay for premium now, because it's worth it, but barely. The paid version is excellent but very expensive.",5,28,9.1.40.1486,2026-04-21 21:45:57,,,9.1.40.1486
460fb39a-56f5-4f8f-b64c-7f3bf2e8578a,Nevada ZG,https://play-lh.googleusercontent.com/a/ACg8ocI_ZQVvwc7E5CfeB4P7EsnqxBVivV6mURW9aTrZoWIx0pw-1g=mo,"free version sucks. Windows media player is better by light years (and WMP isn't an amazing platform, either). premium version works well enough to play music from, but is very confusing in how song ratings work. audiobooks are severely limited (15 hours with premium, and 15 hours more on a separate subscription - per month). if you want audiobooks or free music, I highly recommend a different platform.",3,221,9.1.18.1504,2026-02-11 06:43:08,,,9.1.18.1504
ad1d9be2-0959-4e98-8229-ee3ee4d9df0e,Angel Mead (Willow),https://play-lh.googleusercontent.com/a-/ALV-UjVrcmkir02OyHXAex-UOTZ-uWCYMB1hqqyK7OFMFN37PtvbEX22,"I love music, it's the only thing that keeps me focused on things like drawing, love Spotify, I COULD listen outside of the app and for the last few months of what I expected was just a bug that now constantly happens whenever I leave the app to go to anything else, it closes and turns my music off, back when I'd have said five stars, maybe lower the price instead of increasing an extra dollar every year for premium, and FIVE ads? Thats unnecessary, two or three is fine, but five hits my anger.",3,28,9.1.36.1948,2026-04-10 05:34:24,"Hi. We'll pass this on to the ads team. Furthermore, have you tried a quick reinstall? If that doesn't help, you should give our Customer Service a shout by heading to support.spotify.com and searching ""Contact us"".",2026-04-10 16:47:33,9.1.36.1948
f2794b6e-ee94-45ac-9ec6-21395085319a,Brandy R,https://play-lh.googleusercontent.com/a/ACg8ocLuzdU_7fpr43mQu4jIIW46Cz9xXMFo_xlaP_JPqHkVfnLICg=mo,I already pay for premium but that only allows for 15 hours of audiobooks and now they want me to pay for an add on that's the same price as the monthly fee for only 15 hours more. For an extra 11.99 a month audiobook add on it should be unlimited. not to mention the constant price hikes and still having ads in my podcast when I pay for no ads. This will just be the next streaming service I cancelle,1,433,9.1.22.1630,2026-02-14 02:32:15,,,9.1.22.1630
f38661ca-53a8-422e-9bc9-b15bf8351fd7,Ryan Yokel,https://play-lh.googleusercontent.com/a-/ALV-UjWf20AsKJxdTphp_LI0Gx0CGOWUFBQSt92dzi7zk0V_5k8Gy4XM,"Edit 2/27/26: Something seems to have changed in the last few weeks. I listen a lot, probably 4-5 hours a day while I do renovation work and every time I open the app it shows a ""you are back online"" message and it takes 2-3 minutes to load up all the recommendations and personalization stuff. Most of the time I am connected to high quality Wi-Fi or 5G networks. it's definitely not a connection issue since it happens everywhere I go. It's a music app so it's not critical, but still.",3,40,9.1.24.1739,2026-02-28 01:35:23,,,9.1.24.1739
4a6c4136-d56a-4a57-9305-230b888b5db6,Deagan Bailey,https://play-lh.googleusercontent.com/a-/ALV-UjX7-KnifvMHUnJ3f6JKHPSU11kJfjULCUjEDF3SvWXfRnogHIs,"Personally, I don't understand why you have to double down on the free version of the app with a bunch of ads AND limited song choices. That's overkill and it makes this app hardly even usable for longer than 20 minutes before it devolves into music that's vaguely related to the stuff you chose to listen to. It's great when you spend money, but that's by design. Y'all make enough money to give us more than 6 skips... I mean, c'mon.",2,36,9.1.28.2252,2026-03-11 01:21:03,,,9.1.28.2252
34ad5f8a-1382-42aa-b3cf-90ed6271e19c,Alissa Troidl,https://play-lh.googleusercontent.com/a-/ALV-UjUrdo7UFW45AbpRmT_7jIu3XGUtLSb7Qj0YzN_Ga4VXZgfTz_z_2A,"Shuffle does not actually shuffle. 'Shuffle' is just Spotify's version of a playlist. If I add a song to the queue, it'll play the song but will not change the shuffle, so that song could be played right away again if it was in that order of the 'shuffle'. Super annoying, especially considering the monthly price keeps going up, but the issue doesn't get resolved! Also, my app keeps skipping! Makes me feel like I'm back in the 90's and I need to take the CD out and wipe it off! it's not my settin",2,46,9.1.28.2252,2026-03-07 18:12:20,,,9.1.28.2252
e1616c1e-090d-4730-9b50-6228add85b87,Arcadia Lamming,https://play-lh.googleusercontent.com/a-/ALV-UjWN3BO0FOfNZMgkaBxqJtCdtFOOGF-BoKxCMB5rv5HgyF89BRQ4Ew,"I love this app for the most part. I have premium and have ever since switching from Pandora, so I don't even fully remember the distinction between the free and paid subscriptions at this point, however it is frustrating when I am listening to a podcast with video and all of a sudden, it just shows the profile of the podcaster rather than the video. I remember having a method to fix this in the settings, but it's been too long since then to even remember what it was. Please fix this!!",4,205,,2026-02-18 04:54:37,,,
97cf892d-e913-4b23-8db8-84cab11e668a,jolene,https://play-lh.googleusercontent.com/a-/ALV-UjUaY1EjoqNfw3kP7RjskHVyr33ooonoayme5Ijs1suMJ7osNhTJ,"Free version is almost unusable. Good grief! 4 ads in a row then it tells me I can enjoy 30 minutes ad free. 2 songs later here are 4 more ads. At first I figured maybe a weird glitch. Nope. It's happens several times over the last few days. And on top of the that the ads are horrible. They're louder than your music so it's very jarring especially if you're listening to something chill, and they're repetitive. I can't listen to specific songs, everything is behind a pay wall now.",1,3096,9.0.56.591,2025-07-09 21:42:53,,,9.0.56.591
d23e9cb8-2510-4f3b-8c66-366971a541cf,AL,https://play-lh.googleusercontent.com/a-/ALV-UjUhnGB_OsrKubDyADm6JYu6kkbRRWYS3vEI65uZUFQ2e7WNE6Oe2A,"Spotify used to be incredible! Now, it's total trash! The connectivity is asteonomcally garbage - I could have 5G UC service, be playing downloaded songs, but Spotify will be constantly interrupted. I'm currently experiencing a complete blackout. I loved the way the queue was set-up, where you could see what was in the queue, & what was playing from the list - it was a large, legible set of tracks; now, it's a ""user-friendly"" mess, where it's impossible to see the queue, versus the list.",1,1242,9.0.34.593,2025-04-16 19:31:43,,,9.0.34.593
5995ded2-f051-4ad1-ac69-0adac51ad4d7,Courtney Richey,https://play-lh.googleusercontent.com/a/ACg8ocKp7DFp5or_S0rtb6fCG10S9am-ZMzBqnI3hggN__5djg9iWA=mo,"there are multiple things wrong with it, though it does have a lot of music it's hard to get to that music you want because of how it's set up. When I try to get a song it plays a different song from ""things we added"" which is really just a way to get money so you get so annoyed that you pay for premium. It plays other songs before it plays your song and it only lets you skip five times, it also adds things to your own playlist when you try to create one. I won't be using this app anymore.",1,1935,9.0.66.655,2025-08-11 02:58:49,,,9.0.66.655
24ef0baf-30c3-4c54-85dc-ca88819f744a,Zac Broderick,https://play-lh.googleusercontent.com/a-/ALV-UjU-wfQZfXEtZggMxvWBM8uGgU6r5qb6krNtvDpOwwlDwE3rxmsy,"The app is driving me crazy. For one, there's an oversaturation of ads -- roughly 2-3 minutes of ads per 3-5 minutes of music. And the ads where it's like ""Watch this ad to get 30 minutes of ad-free listening"" don't work at all; I just get more normal ads within 5-10 minutes. I'm not buying a membership, Spotify, and your bugs, intentional or not, aren't gonna force me to. Edit: Looked at community page. Solution was to keep the app in focus while the video plays. Problem: I ALREADY HAVE BEEN!",1,360,,2025-07-25 22:59:27,"Hey! We hear you, and we'll pass your feedback along to the Ads team. Also, you might be able to find some steps to help with this on our Community. Just head to community.spotify.com and search for ""30 mins of uninterrupted listening"".",2025-07-25 22:18:51,
581243b4-a27c-4bb8-98dd-05e8cb92f0b4,Tabetha Baranski,https://play-lh.googleusercontent.com/a-/ALV-UjWhSStPT-FprabzPS-GsvDVC5y5Ikt1HjWju3XKFLls5MgSXIfxfw,"I have the free version right now because I can not afford premium. I will get the ad saying ""listen for 30 minutes of ad free music"" then it literally plays 1 3-4 minute song before I get another 2 minute set of ads. I habe time stamped screen shots to prove this. At this point, I feel as though im listening to more ads than I am music and highly considering switching streaming services. We're getting to a point where I almost can't listen to music unless I pay. Fix it!",1,2356,9.0.34.593,2025-04-20 00:17:04,"Hi there, thanks for your feedback. No worries, we'll pass this along to the Ads team. To get the 30-minute ad-free music, be sure to keep the video ad in focus. Don't navigate to another app, browser, etc. Make sure that you're not accidentally clicking the ""No, thanks"" button as well, when prompted to watch the ad. Hope this helps.",2025-04-20 00:55:05,9.0.34.593
82617fd8-7420-41a0-8acf-ae43ca3e5eca,Inez Tela (Nezz),https://play-lh.googleusercontent.com/a-/ALV-UjUeQU7o1DR69qHIMsocKays3Vh3SLdWYdB-VyDe0rbDj7JTmLcG,"Great app! The only thing I hate about this app is that it literally does NOT give us the bare minimum!? For example, being able to loop a song. I get the ad part, I don't mind it that much actually– but why not give free users the loop button? We already deal with 6 skips an hour, 2-4 ads after 2 songs, and not being able to play a playlist in order. Plus, the individual premium is 12 dollars a month, probably not bad for others, but I wouldn't buy it for a music app. Updated: Not much changed.",2,2027,9.1.6.1145,2025-12-30 10:57:30,"Hi Inez. We appreciate your feedback. To enjoy the best version of our free experience, including all the latest features, please make sure your app is updated to the latest version. If that doesn't help, you can get in touch with our Customer Service by heading to support.spotify.com and searching ""Contact us"".",2025-12-20 18:13:01,9.1.6.1145
e0ab3f7a-2677-42ed-90db-745b1d890868,Matthew Koenn,https://play-lh.googleusercontent.com/a-/ALV-UjW0ROfEiije5VEnwk_a5RfiwO8QOqKn4xlui0iYNKRgzNNbUXcu,"This company has just the worst software. It is slow to load and not very responsive. I click to play a different song and it takes 5 seconds to switch songs, if it does it at all. Constantly disconnects from connected devices. I move a song in the playlist and it bounces around, sometimes returning back to original position. The AI DJ just plays the same songs over and over and the voice is obnoxious. Some of these bugs have been in the software for nearly 10 years and still not fixed.",1,1162,9.0.66.655,2025-08-02 05:28:48,,,9.0.66.655
177a1748-02f9-4869-b445-7e16aae2568b,Ron Middleton,https://play-lh.googleusercontent.com/a-/ALV-UjXqe6vKRznrzuz8DoS-J1EXl4-CHmhGO0v2WSr5eFSHEn2HiPJD,"I love Spotify and have for years, use it almost every single day. So when they added the option to listen to audio books with the premium subscription I was very excited, however, who ever decided to put a limit on how many chapters you can listen to and then decided you can buy more chapters for the same price as I pay for my premium subscription deserves to get fired. That is the stupidest thing I've ever seen. Do better Spotify.",3,149,8.9.94.470,2024-11-27 22:51:24,,,8.9.94.470
c5de7d25-db91-4088-b575-32040d2f3fc3,Sam Hatcher,https://play-lh.googleusercontent.com/a-/ALV-UjWo3R2Vv8vdXuDtYlbOXcF5JSg-Zj_SP-LtbPdEcOOWcT6VHsC-Mg,"I usually love Spotify, I even have premium, but recently it has been SO testy when I try to open it. Sometimes it will work fine, but most of the time it just opens to a black screen and no matter if I reset the app, or even my phone, nothing really helps it. When it does this, if it eventually opens, everything is incredibly slow to load. I'm very disappointed.",1,2165,9.0.40.391,2025-05-06 10:06:58,"Hi. Have you tried a quick reinstall? If that doesn't help, we'd recommend reaching out to our Customer Service at support.spotify.com. Just search “Contact Us”, and they'll be happy to help.",2025-05-06 10:56:01,9.0.40.391
76ee3ce7-6323-41ee-b04c-8f0dc19084bd,Kacey Mayes,https://play-lh.googleusercontent.com/a/ACg8ocJUnrLm25aHpSD3s963EOT53XRRtqlxZgPC4YFGlHJOl_P_8w=mo,"I love having the music. I use spotify every day. Three stars because the app itself is absolute trash. It is constantly crashing, freezing, and randomly stopping. EDIT 03/22: don't know what they did but they made it worse than ever. Spotify is trash, yall. Edit 08/24: Dear Spotify. Pay artists more. Also do something about the various versions of songs as it relates to the favorites list. Maybe like suggest the other versions when you add the song to a playlist or something.",3,152,8.9.68.456,2024-09-01 15:15:37,,,8.9.68.456
d899f8e7-8173-4bf1-9b8c-a3d8ea5b23f8,HeatherLee S,https://play-lh.googleusercontent.com/a-/ALV-UjU9BOUTAJxqZiXTJTcJqbsXrbpDPEC8WFWDTI-YhvrzNvub2bTH,"I had to edit my review, it used to be 5 stars but I'm lowering it because all of the sudden, every now and then, it'll switch what Im listening to. I've been listening to a podcast's library and it switched me to a curated list. If you want to make me a recommended list, fine but I don't HAVE to listen to that other stuff and this app is making it so I have to. Super inconvenient, especially while driving. I've used this app for years and never had any issues until recently.",2,385,8.9.98.488,2024-12-11 02:43:15,"Hi. We're open to feedback, and we'd love to get some more info about this. If you have the time, give our Customer Service a shout. You can find them by heading to http://support.spotify.com and searching ""Contact us"".",2024-12-11 02:56:20,8.9.98.488
48ee3c73-a3f1-4f28-b865-eac60dcd2e2b,Bridget Gunden,https://play-lh.googleusercontent.com/a-/ALV-UjXWz3xzEjkjjPrMqA1MQ1JzUpxBcAqnQaEMjpEtenTRI24LVg9anA,"I LOVE Spotify, and as a user since circa 2013, I like to think I'm think I'm an early adopter and have a lot of experience with the app. That said, the last 6 months it's gone drastically downhill. The app constantly closes with no crash report, it just stops playing and it closes. Sometimes it's playing and the app is not even showing as open, which is fun. Sometimes, it's choppy and that may be a service issue but it's only been happening the last few months. Not sure what's going on!",5,17358,9.0.60.614,2025-07-17 12:03:06,,,9.0.60.614
375848e9-a8ee-47c4-a08f-458c3d701fa0,Kameron Fields,https://play-lh.googleusercontent.com/a-/ALV-UjVc_ZRzFYurj9X6nwS63-UiQYlMHX9AeSBZDPB6bxT2QV_j0Nau,"Love the app! Good music variety. Lyrics are pretty in sync with every song. This also has a wide variety of podcasts. Edited: This kinda sucks. I was using it for a month, and I was able to skip any song, pick what song I wanted to listen to, and listen offline. I wasn't even paying for premium. Now I wake up, and it all changes. I can't skip as much as I could, and I can't pick out a specific song. AND THERE ARE SO MANY ADDS. GOOD GOD. The fact that I can't skip as much is ridiculous.👎",2,1042,9.0.76.1126,2025-09-06 18:21:42,,,9.0.76.1126
9fb0ebf6-ddb7-40e7-8d07-7b075e0be4c0,Taylor Dixson,https://play-lh.googleusercontent.com/a/ACg8ocK9rbjRlyCS8LDzl9uhmFhgmZRVIiV4uIcjwSJ5NTjjcTWvncQ=mo,"App has become horribly unstable. The app crashes on me every other song, sometimes I get two songs in-between. I have reinstalled the app, cleared the cache, undownloaded and redownloaded all saved playlist. But the app still crashes constantly. Not worth the membership cost anymore, given that I can't enjoy my music. I hope it gets fixed with the next update, but considering the issue wasn't fixed after the last time I brought this issue up, I'm not hopeful.",2,284,8.9.98.488,2024-12-11 02:14:37,,,8.9.98.488
4426059a-7feb-46e3-9d7d-a5b8302c0a1b,keith saylor,https://play-lh.googleusercontent.com/a/ACg8ocJtJD20N8eSdbj-ZwX6haDWZeHpZQE87ovTPKQBqdY3bbLTuw=mo,"TOOK AWAY THE LAST GOOD THING ABOUT SPOTIFY, the queue!! Used to be able to click queue and select random songs from library in the queue to play next, now you can't, have to individually drag each song to the top. Absolute trash. EVERY single update Spotify has done for the last 5 years has made the app worse and worse. Used to be the best, can't get my 7000 songs off the damn app without starting completely over on something else, no transfer apps work. So effing mad.",1,413,9.0.10.415,2025-01-17 04:41:53,,,9.0.10.415
c15ff6b7-d08d-4c91-90f2-c010361c0f01,Pyroshock,https://play-lh.googleusercontent.com/a-/ALV-UjXOkCez7Fy3wZuM33fTQGVZ-j6oV8xMsu0iE9pyq9wXkYHlkOlo,"When using the Free version of this app, searching and playing a song is broken. For example, if I search and play ""Billie Jean"" by MJ, it will play ""Beat it"" or ""Thriller"". Earlier versions of spotify did not do this and it makes this app one of the most unreliable apps for Free music playing - along with your procured playlists on permenant shuffle. You'd be better off with competitor products. WOULD NOT RECOMMEND - unless you have over 100 dollars a year to blow on premium.",1,692,9.0.24.601,2025-03-09 19:18:02,,,9.0.24.601
bb7222c7-8118-4011-8476-7bc77e3c64c3,Angela Bottorff,https://play-lh.googleusercontent.com/a/ACg8ocLl4nrtePZVRZDgBO7MjE-1wmVcPgSPrcNpbURV89VYPltC7Q=mo,"I am so tired of this app. It gets more and more expensive. I had premium and it advertises audiobooks with your subscription, but only allows so many hours before it wants more money. cancelled premium bc I only listen to podcasts that have ads built in, forgot my alarm was set to my spotify Playlist. instead of a song, I woke up to 6 consecutive ads I had to listen to to get back to my podcast, to listen to more ads. Total garbage.",2,2500,9.0.86.1358,2025-10-13 18:11:46,,,9.0.86.1358
24b586da-47a6-4b50-9e41-c5e4bce59752,Donovin Harvey,https://play-lh.googleusercontent.com/a/ACg8ocI7Shvu33KeWlzA_ZWowdOkhpMgPtyEPLVe0qDMY8PLXKwtP7gP=mo,"Unless you're going to pay for premium, don't bother. You used to get 30 minutes add free, but no longer. Oh, they still say to enjoy the next 30 minutes add free. After ONE song, you're stuck listening to several ads that run longer than the song you just heard. I thought it might be a bug, but it happens consistently now.",1,235,8.9.86.551,2024-10-31 04:47:02,,,8.9.86.551
8364f00b-58fb-4ea8-a43e-6f7fba8dc99a,Rhaleesi M,https://play-lh.googleusercontent.com/a-/ALV-UjXMLV6W1BTbDfUtTmWNu4fflzR2hlm6fK5CuwMJirskSj4TjkGx,"At this point, just make Spotify a paid app cause instead of two ads, it's three, sometimes even FOUR. says 30 mins without ads, but it's like 5 mins, adds random songs in my Playlist, can only skip 6 songs each hour, and can't see what song is up next. a little update!! I love listening to music!! but I got 5 ads in a row. And I am not paying for Spotify premium.",1,8754,9.0.88.1405,2025-10-21 16:26:11,"Thanks for the feedback – we appreciate it! We always aim to improve, so we’ll get this passed on to the right team. You can also let us know what you think over at our Community: https://community.spotify.com/",2025-03-16 05:27:17,9.0.88.1405
6e901419-0542-4ed8-bff8-02a6b5113386,Anthony,https://play-lh.googleusercontent.com/a-/ALV-UjVRY9L8zVV8DcVDkrbjQR5JjlVfmHEpFj7yAY2gUDMM0E0G_gBs,"Spotify has become top tier grabage these days. Phone and desktop doesn't sync reliably, can't remember what device it was just streaming to a second ago, doesn't play songs when they're clicked on, plays song when you don't click them but scroll past, their ""help"" is just full of regurgitated nonsense and they put zero effort into improvement. They corned the market and then went cut corners to make more money. what a surprise.",1,4848,9.0.56.591,2025-06-28 00:52:29,,,9.0.56.591
99faf7fe-6807-4923-be58-c9900c84ffb4,Effie,https://play-lh.googleusercontent.com/a/ACg8ocIq6id2ubJ1pwNCsigPup7d_L-BNtuKBrb642lB0zdmBSbCkQ=mo,"I've been using Spotify for almost 10 years. I've noticed that the app no longer shuffles my playlits, so the same songs keep playing over and over again. I'm on the premium plan, yet I'm still getting ads on podcasts and I don't have access to audio books. There are some podcasts that I used to listen to almost daily that have now become locked. What's the point of paying for a premium subscription if I don't gain access to everything the app offers?",2,274,9.0.2.459,2025-01-10 07:14:29,"Hi. We're open to feedback, and we'd love to get some more info about this. If you have the time, give our Customer Service a shout. You can find them by heading to http://support.spotify.com and searching ""Contact us"".",2025-01-10 07:33:09,9.0.2.459
36868337-7ad6-4b9f-896f-5ca85f522840,Kura Yami,https://play-lh.googleusercontent.com/a-/ALV-UjXRSD7kdepo8umYk0O7jDlmyxLc_z8uQmdwDG_vOo1qhmPp_Lg,"I really think Spot is the best music app there is. However, paying for a premium for AD FREE LISTENING and getting ADS during a podcast is pretty stupid. Because you get like 5 ads that are like 2 or more minutes long. At that point, it's better to just watch YouTube so you can skip the ads for free instead of being forced to watch ads while actively PAYING for NO ADS. That is so annoying. I considered 1 or 2 stars if Spotify wasn't otherwise genuinely good. At least as far as music goes.",3,19,,2026-04-11 18:07:18,,,
63b44072-d29e-4e6b-917c-a76b80f085f9,Analeigh Galindo,https://play-lh.googleusercontent.com/a-/ALV-UjUu_POgC4_10lEahsgSC_gGXxN1weIV6QdPF2nQNaRTJx3pLjhU,"Great navigation, love the system and format, especially the playlist making system. It's just SO MANY ads, and that's not something I usually complain about but seriously? After every other song? The thirty minute ad breaks don't even work, it's totally immersion breaking, especially getting the same ads over and over and the singing ones are just so annoying. Quit money grabbing, not everyone has money to throw away. Sometimes it just skips songs on its own and it's janky on Aux.",2,619,9.0.30.642,2025-03-31 09:32:33,,,9.0.30.642
4f3069bc-bbb3-4b7c-8bc4-13d78a50a1ae,Teacup Appleblood,https://play-lh.googleusercontent.com/a-/ALV-UjUxWM4x5DI8ERxhfFIAK-peQk2NgaG0vxWnmrp6Bm7QUB2YtOuFng,"Good interface, but... It'd be way better if Spotify on mobile devices was like Spotify on computers. Just look at how much more freedom you get on a computer when you listen to music in comparison with how limited the mobile version is! I don't know why it is the way it is (most likely marketing, but what isn't nowadays?)... Anyway, not really that good of an experience if you have Spotify Free but I still use it for some reason :/",3,331,9.0.28.630,2025-03-26 20:46:49,,,9.0.28.630
b55b5b30-774b-4813-8ece-871fce152df1,Courtney,https://play-lh.googleusercontent.com/a-/ALV-UjUwLLG5r0AcsHaB2UaWST6K7HNX_QNjirv0PaxelEBAfePavkw3SA,"Always loved this app. I pay for premium but you still add commercials even though I pay to not have commercials. Granted they can be skipped, but I don't EVEN WANT THEM THATS THE POINT OF PAYING NOT TO HAVE THEM, having the ability to skip is pointless when I have to pick up my phone a million times during a podcast to skip the stupid BOSE headphones commercials. Per Spotify they told me to contact customer support, which I have, and they've never responded or fixed it.",2,226,8.9.92.408,2024-11-15 21:23:46,"Hey there! We suggest reaching out to our Customer Service at http://support.spotify.com for further help. Just search ""Contact Us"", and they'll be happy to assist.",2024-11-15 21:12:35,8.9.92.408
adb6d5d2-781b-4db9-b050-4fcb7e735e8b,Avalia Leyva,https://play-lh.googleusercontent.com/a-/ALV-UjWoQvpZSPFNnHUwpvSj9BQclCYkTSpuRBmLlDDaeyDfaE7HtUd7eg,Plays 1 song at a time. No longer able to listen to playlists or stations. It stops after 1 song. I've cleared cache. Restarted my phone. Uninstalled and reinstalled. Even cleared storage and Uninstalled other apps. Nothing works. I stopped my subscription due to similar issues and now this free version is no longer worth the work or time. I'm done.,1,324,9.0.2.459,2024-12-29 23:01:11,"Hi! We'd suggest reaching out to our Customer Service team to get help on this. Just search ""Contact Us"" at http://.support.spotify.com.",2024-12-30 07:23:05,9.0.2.459
fba82ff1-5261-4449-ae8e-8fba2cb466f3,Michaela Henderson,https://play-lh.googleusercontent.com/a/ACg8ocKoVCCR8fUA9WcbJpsIl6AXdMdVtyp-Kjw9eAxFP5csVA-qPmyi=mo,"I very much like this app and have loved organizing all my songs and playlists. I'm a musician, so I have dozens of playlists. Overall great app, but please bring back the hearts! I don't know why it ever needed to get changed, but I way much more prefered the heart symbol to like a song over the little plus sign. It's now much more complicated than it needed to be.",4,104,8.9.68.456,2024-08-28 22:32:30,,,8.9.68.456
fc120a4a-d192-4559-91f9-104afa43463d,Burn The Blue Skies,https://play-lh.googleusercontent.com/a-/ALV-UjUSMSgcZM2_DnQy_UNO4QOftEhf3MMo3Rq9HAWFT_JQri_B_oH-wg,"Tbh I'm constantly having issues with the app. It never remembers what podcast episode I last listened to so I have to scroll forever everytime I listen to something else. It freezes a lot or takes forever to start playing. Tons of issues in Android auto with it. Freezing and just not playing, or playing but no sound is coming out. The widget almost never seems to work and I used to use it all the time. Samsung 24 Ultra. Also I'd like to be able to message my friends songs right in the app plz",1,220,8.9.90.127,2024-11-14 05:05:24,"Hey, sorry to hear that. We'll make sure that your feedback reaches the right team. We'd suggest posting this in our Community at https://community.spotify.com/t5/Ideas/ct-p/newideas. We'd also recommend reaching out to our Customer Service at https://support.spotify.com/contact-spotify-anonymous/, and they'll be happy to help you.",2024-11-14 06:48:07,8.9.90.127
8d5e29f2-7f64-4fae-b817-f82f99f9f4f1,Joseph,https://play-lh.googleusercontent.com/a-/ALV-UjUwuXbkpDcc_eTgVxA1hiRidfOeQU_YaALSs9VwDQn3OfwrV7U,"The apps performance really has degraded recently. Crashing every thirty or so minutes, randomly pausing songs, or just straight up dropping the playlist after it crashes and starts playing ""trending"" songs. I can't listen to custom mixes anymore because it crashes and kills the playlist so I have to restart it. The advertisement vs song ratio has become has become a joke, I can listen to FM radio stations and get less ads.",1,171,8.9.78.513,2024-09-28 09:39:21,"We're sorry to hear this, and we'll pass your feedback along to the Ads team. For an ad-free experience, we'd recommend checking out our Premium plans. If you've never had Premium before, you should be eligible for our trial. You can also check out other deals by heading over to spotify.com/premium.",2024-09-29 08:09:16,8.9.78.513
fbab2ae1-1404-4c03-a7b3-5f17ec0cbbb1,Kimber Mcgahan,https://play-lh.googleusercontent.com/a-/ALV-UjUEyDF1_JDFJu5lwOj8NqajqblRVn23F4Bptm6aOq_A7mm8t3DD,"Honestly, when i first started using this, it was an awesome app! It's got all my favorite artists in one place, but, after a while, on my phone, it just doesn't work(?) It will not play the next song, and it will get stuck on an ad, which i can't skip since I have to close the app. But overall, it's a great app, aside from the fact that you only have limited lyrics per month and six skins per hour, I love it! It's great for people who have money to spend on premium. (Aside from me, I dont)",3,135,9.0.2.459,2024-12-22 16:37:15,,,9.0.2.459
6c0de93b-b6e0-49a5-9225-8a7ded53b786,Eldon,https://play-lh.googleusercontent.com/a/ACg8ocKj_fOjtgZZqqUckLrxkLjP_n5eqe-3pKMTlDIrmJioZWr7RQ=mo,"I've used this platform since 2011, and it seems to get worse every year. I open another app(non-media related) and my queue disappears and stops playing the current song. It's as if Iuninstalled the app and reinstall it every time that happens. But if I close the app and reopen it, the music resumes. And when I open the app after a while, it lags. The team that works on this app need to do better. I'm really close to canceling premium and switching to an app that actually works properly.",3,532,9.0.68.632,2025-08-08 10:51:40,"Hi. We'd recommend restarting your device to see if that makes any difference. If that doesn't help, you can get in touch with our Customer Service by heading to support.spotify.com and searching ""Contact us"".",2025-08-08 18:39:15,9.0.68.632
b15769c3-f54c-4d37-b137-2610806120a6,Daniela Schaal,https://play-lh.googleusercontent.com/a-/ALV-UjWCZyyJcNqZH1wh3n6YQXk6sduGgJoKZdd3BqVlLCsTLqg_GKrW,"Unreliable app. I have my music downloaded so I can use when there is no service, but Spotify app freezes SO often. This is a recent issue, so hopefully I can get that fixed. There's also poor syncing across devices, making me have to delete EVERYTHING and redownload to see all of my liked songs again. pst, why is there a single button at the top of the library that can instantly delete all downloaded songs with no window asking if I meant to hit it?🙃",3,532,9.0.78.1116,2025-09-15 21:21:33,"Hi. Thanks for letting us know. Can you try clearing the data, uninstall again your current app and redownload directly from the Google Play Store to refresh things? If that doesn't help, you can get in touch with our Customer Service by heading to support.spotify.com and searching ""Contact us"".",2025-09-15 21:10:07,9.0.78.1116
bf73442f-280c-4478-9c66-dd7dfa9e315d,Christina Porter,https://play-lh.googleusercontent.com/a-/ALV-UjWMaP6NsRoz2p5Z5ZgoLdeUB1FEmJhXhTSHSDTijrtMJlLAUR57,"Used to have a 2 star rating for the app in 2023, and major issues have been updated, but i still continue to have some issues with songs randomly pausing and not playing. The ads are also insane. 3 to 4 30 second ads in a row after only playing a few songs is very irritating to say the least. I don't have the money to be spending $12/mo for premium so it is what it is, but it gets annoying. Otherwise, app is pretty good for listening to music whenever, driving, walking, etc.",3,360,9.0.12.567,2025-02-06 14:32:08,,,9.0.12.567
33fbbcf6-066d-45d0-ad50-0db90b0b15e5,Chris Kealiher,https://play-lh.googleusercontent.com/a-/ALV-UjVMjgyl0wYjBiQztprxnz2N7KS-Kac7VXIxaZdZ2HtqctJBloojwA,"I absolutely love Spotify and have since 2008. I always pay for premium because I can't stand commercials. Reason for the 4 star rating is due to a reoccurring issue causing me to reinstall the app to fix it. Eventually i can only play 1 genre of music from my library. doesn't matter if I make a shuffle all playlist or select a specific song from different genre. it only affects my downloaded/liked songs. It could be 4 months or a year, it always seems to happen. It's very annoying.",4,487,9.0.66.655,2025-08-04 07:12:12,,,9.0.66.655
c03bf269-3818-42d6-a80c-f4ff5b07e417,kristina249,https://play-lh.googleusercontent.com/a/ACg8ocI-_uuGpvWWhGmuC_UsZdw0uxMwvhX8yqH-5N2lZIqa5rlvqw=mo,"I am not a fan of the results that kick out anytime I go to a song's ""Go to song radio"". When I want to go to the radio of a particular song, I expect similar songs that align with the song tempo/genre. However, this option just shuffles the latest music that has been released. I'm not sure if that's what is intended with this option, however my interpretation is that it should be playing similar music styles. If I wanted to listen to new releases, I would just go to my release radar.",2,71,8.7.42.943,2025-06-10 00:05:52,"Hey there! We understand your concern about the app not working properly. We're here to lend a hand further, and we'd love to get some more info about this. If you have the time, give our Customer Service a shout. You can find them by heading to support.spotify.com and searching ""Contact us"".",2025-06-10 00:13:28,8.7.42.943
89004759-dd30-4232-955e-91dcc02874a4,Matthew Poworoznek,https://play-lh.googleusercontent.com/a-/ALV-UjWtQaI9yJpLXmM0Xuwcz5iGTKG7xoLRQu2zvDKfZexupSC8uQupvA,"Great streaming app. 2 things I wish they would add, one, a ""dislike"" button to compliment the heart. Hiding songs isn't the same. Makes playlists shorter by just not playing a song, and doesn't solve the problem of a not liked song showing up on playlists. It just gets grayed out and skipped. Let me dislike the song and just don't waste a spot on my Playlist with it. Secondly, the my DJ thing would be so much better if it didn't consistently cut off 30 seconds to a minute of most songs",3,1095,9.0.90.1229,2025-10-29 06:01:20,"Hi! Thank you for sharing your thoughts with us. We will ensure that your feedback reaches the appropriate team. We also suggest that you contribute your ideas to our 'Ideas Board' at community.spotify.com. Simply navigate to the Menu > Ideas. This way, others can vote or join the discussion to express their support.",2025-10-31 04:25:01,9.0.90.1229
b36b6b17-c2e6-4d1f-97e6-cba89fd7abe4,Aiden “River Carver” Smith,https://play-lh.googleusercontent.com/a-/ALV-UjX2vvfNVunsDO4lRLe1EBZszxrVrWkM4qoZ3O_tGURsgQJJwKDP,"I used to use spotify alot and I thought it was the best music app, but that was only because I was paying for premium, without premium you can't even skip or pick any of the music, you can only use shuffle or play it the playlist regularly but with my playlist I have a bunch of the same people over and over and that gets annoying, plus the app usually closes when I try to use it in the background then it gives me three 30 second ads after it just told me I get 30 minutes of uninterrupted music.",1,219,8.9.96.476,2024-11-30 07:44:39,,,8.9.96.476
d5705a97-24f8-4e7c-b13d-9f278041c819,Alexandra Howland-Lopez,https://play-lh.googleusercontent.com/a/ACg8ocI3rTkiLJERA-bNe6Qx1LXvkXDa9o31cUXDJ00jD-nzUhX6ow=mo,"I've had Spotify premium for years. It's great to be able to select specific songs and listen without ads and they do have a really wide selection. I used to love their recs but the algorithms suck now. Harder to find new music bc they just keep pushing the same old. I also wish they would bring back the curated running playlist mix (your likes, mixed, w specific bpm).",3,184,9.0.34.579,2025-04-15 00:46:03,,,9.0.34.579
2fe88583-2f49-4de0-a0f7-79d8f450c6eb,Faith Webb,https://play-lh.googleusercontent.com/a/ACg8ocJNd4kTtcVvuxZKkmAzKN-zq38urq3tPLyvuir7eTw_6n6h2w=mo,"after a while, you have to buy a premium subscription so you can go back to a song, and you also can't replay the song after a while it's just really annoying so I really hope this can be fixed but if it doesn't then I will most likely delete the app. Even though I have worked on it very hard... But also I'll be playing a game like Dandys World or smth, and i will get silence from the app and i will be listening to a song, and then it will just stop randomly playing the song! So please fix this.",2,367,9.0.68.632,2025-08-14 08:58:04,,,9.0.68.632
3953ce8e-c29e-4277-babe-f9512ec13519,Katie House,https://play-lh.googleusercontent.com/a-/ALV-UjUlz5t_nrtwUlW_LIc4aUXG6wqOdGzkI2FvCB8sW1t49hmoKmpouA,"Super interesting that Spotify said in-app that they were asking for ""bluetooth"" permission when what was REALLY requested was permission to locate/connect with nearby devices. (I was listening to music using bluetooth while this was happening, so it wasn't because my BT was off.) Why do you want that, Spotify? Couldn't be anything good if you have to trick people into granting you access. I'm switching to Tidal. So tired of this bull.",1,433,9.0.36.697,2025-05-02 04:35:52,,,9.0.36.697
1f701ce8-992c-4315-851d-be3b41e5f0dc,Cyndi Hagan,https://play-lh.googleusercontent.com/a-/ALV-UjU-vEFc0G7nG_7mD0fCedrxkwnUvRN6LAZdraeYZtUBxHUGyh_HNA,"Generally I love Spotify over most other streaming apps. I just started using it for audio books as well since some are included with premium. It's absolutely wild that you ""run out of hours"" to listen to a book, especially when those limited hours are less than it takes to get through a book. Why offer audiobooks with premium at all if you're going to charge more to keep listening to a book that's ""included"" with premium?",3,426,9.0.50.416,2025-06-06 06:15:04,,,9.0.50.416
9a96b807-0518-4768-ac0b-40e0cde3d501,Daniel Pierce,https://play-lh.googleusercontent.com/a-/ALV-UjWIItaYC1KNJovLlzPxNYkouackreKFJAhXNUVIDWNtEDMBKwWEcA,"""Enjoy the next 30 minutes commercial free."" 1 song plays, then 3 commercials, literally 4 minutes after the message. Lies. Another thing? I thumb down an ad, because I'm married 20 years and don't use dating apps, or no kids and every third ad is for Capri Sun or school supplies. Your targeted ads suck. The feedback form doesn't fix it; thumb down/does not apply/etc: it doesn't work. 1/3 off my ads are for Kamala, and every one pushes me farther to the right.",1,80,8.9.70.556,2024-09-09 04:00:23,"Hey! We're sorry to hear this, and we'll pass your feedback along to the Ads team. For an ad-free experience, we'd recommend checking out our Premium plans. If you've never had Premium before, you should be eligible for our trial. You can also check out other deals by heading over to spotify.com/premium.",2024-09-09 04:54:55,8.9.70.556
b952596a-8ce9-4ff8-87c3-11ef7e734a21,Karolina,https://play-lh.googleusercontent.com/a-/ALV-UjXP7pFpIcUgRYKuw76dEeX1F847SWtnkYLu7Tk7Qd7z1bbd-uLz,"Doesn't play well with Google Pixel 8. Stops connecting to my cars Bluetooth until I restart my phone (won't play any audio). Music stutters while playing. ""Upstream request"" timeouts when I try to access their website. Player won't work on desktop. Wrapped won't play. I restart the app. I install updates. I check settings. I try different browsers. Terrible user experience with Spotify this year. [Edit] I appreciate the response. I have tried reinstalling. I can't reach your site, but will try",1,182,9.0.0.487,2024-12-16 01:15:07,"Hi. Have you tried a quick reinstall? If that doesn't help, we'd recommend reaching out to our Customer Service at support.spotify.com. Just search “Contact Us”, and they'll be happy to help.",2024-12-16 00:14:59,9.0.0.487
87102853-c0e7-404a-adc9-997b36db46d3,ryan colon (ryodude101),https://play-lh.googleusercontent.com/a-/ALV-UjUlNKE8zLbDX6Cvv-rp1C15d53z5HFQDSGez4G7pA8oULfvRgLi,"I used to really like Spotify because it was extremely simple and had a large library. It hasn't changed too much, but the problem is that over the years this app has started to work less and less. In the modern day Spotify feels barely functional: Constantly crashing, extremely slow, skipping large portions of playlists, a broken shuffle feature, and buggy bluetooth drivers. I just need an app that plays music and actually works.",2,89,8.8.4.518,2024-10-24 13:46:13,,,8.8.4.518
8ae1b45f-58ab-428c-8c2b-b1a1cbee28ad,A Google user,https://play-lh.googleusercontent.com/EGemoI2NTXmTsBVtJqk8jxF9rh8ApRWfsIMQSt2uE4OcpQqbFu7f7NbTK05lx80nuSijCz7sc3a277R67g,"I've been loyal to Spotify for over a decade. But it is not the same platform it used to be. It is impossible to discover small artists. My recommendations are clogged with popular sponsored artists, even ones I've BLOCKED. All the cool features and staff curated playlists are soulless AI garbage now that Spotify has laid off hundreds of employees. Adding songs to a playlist (my favorite feature) frequently crashes my phone. Premium rates rise. If I find a good alternative, I will switch.",2,155,9.0.10.415,2025-01-22 20:13:52,,,9.0.10.415
72fe1c23-ebeb-4283-a1da-b7ef48afa38d,Jade Kathleen,https://play-lh.googleusercontent.com/a-/ALV-UjUkhtG_k1GIkH-kAwSD4jEDK7adpcdI-qHqePulMsCqx7XVOTKr,"The shuffle doesn't really shuffle your music, it just plays the songs you've been listening to recently. The discover weekly sucks, its not at all tailored to my taste, it NEVER has the genres I listen to and ive only found a handfull of songs I actually like from it. The offline option is very iffy, sometimes it'll load but a lot of times it won't and tell me I'm offline. Well duh, thats why I'm in offline mode!! I like this app but would love it if things were improved.",3,71,8.9.70.556,2024-09-03 11:48:20,,,8.9.70.556
07cc341f-a477-4189-a672-ae995751a767,gary johnson,https://play-lh.googleusercontent.com/a/ACg8ocLyDTNzJmq_jW8OsiaynX_iuNe0lJuFnmFztKLb9z1vAjFaEA=mo,Updated review after TRYING to listen to audio books. you get 15 hours even with premium and have to pay a ridiculous amount of 13$ per 10hours. I took that 13$ to audible and finished the book I was listening to and got even better deals to continue the series. I spent 6 dollars for the 2nd book in the series that was over 20hrs long. I would have paid 4 times that to listen to it on spotify. I suggest either update the business model or get rid of it completely before you lose business.,2,152,9.0.34.593,2025-04-20 07:32:29,,,9.0.34.593
3c7293a8-df70-4448-8748-56621a966ded,Conlan Parkman,https://play-lh.googleusercontent.com/a/ACg8ocJZx_c7jJgY_ph6DzyoogH3zzv3sEUmXssIR3nFoSpj2eIt3g=mo,"App isn't great. Bad UI, glitchy additions of songs to playlists, discrepancies between data of the web client and mobile, and often recommends music I dislike in service to some unknowable algorithm. The ceo investing in the military industrial complex's use of ai makes me plan on dropping it entirely. Spotify's main draw is its collection, which I'm sure will migrate elsewhere at some point",1,465,9.0.62.622,2025-07-19 04:22:31,,,9.0.62.622
842dce97-1693-4890-8f19-1382eaaff6ac,Brion Burroughs,https://play-lh.googleusercontent.com/a-/ALV-UjVvKcLv20Vkug3kX4teE06ixa7h1q6iai4navRvwPgxqYLoj50zgQ,"Edit: must be nice to make millions every month off an app that don't work. Wth is happening to this app I PAY for?! Every single time I open it, it just goes dumb and my data stops working for up to an entire minute. It's extremely laggy skipping through songs and does this weird thing where it goes back a previous song and then forward to your next song. Everything is updated. These problems shouldn't even exist today. So quit being lazy and fix your mess. Canceling subscription until then.",1,135,8.8.36.522,2025-04-13 22:42:03,,,8.8.36.522
6afb4f4c-35a3-4018-ae0c-d0e6c2a771c5,bridget burton,https://play-lh.googleusercontent.com/a-/ALV-UjWHK_Qz3mba_doXwwTKNmqRj7ASAAiiAma0yIecchAg0ldqjQ7QHA,"Would love to give more stars. But, I found that when you're broke for a month & can't afford premium, the quality of the app decreases heavily. For example: I got my music ready for a shower and listened to an ad that told me to enjoy 30 minutes of AD FREE music. Guess what happened after one song while I was in the shower..? THREE MORE ADS LMAO. I lowkey understand the hate Spotify gets now. These ads straight up lie if you aren't paying Spotify. Do better. Sincerely, a 10+ year Spotify user",2,222,9.0.66.655,2025-08-05 06:05:14,"Hey! We hear you, and we'll pass your feedback along to the Ads team. Also, you might be able to find some steps to help with this on our Community. Just head to community.spotify.com and search for ""30 mins of uninterrupted listening"".",2025-08-05 21:00:18,9.0.66.655
866eda46-8c83-424f-8f7a-87586186d1e0,Miranda McKinley,https://play-lh.googleusercontent.com/a/ACg8ocLlRUd3ecdMYCKK_FRvXKAFy4a_0AYQsFeXlxSf4egc58wlWE1E=mo,"One problem: I have a shared playlist with a friend. It's very long, over 8 hours. Recently, some songs will just disappear from the playlist without either my friend or I touching them. I'll see songs I've added to the playlist a while ago in the recommended songs at the bottom of the playlist. I'll add it back. Its happened one or twice where the same song will disappear after being added back. We both have premium if that makes a difference.",4,2,9.1.60.1970,2026-06-27 19:54:56,,,9.1.60.1970
33d13f78-8b52-4159-b9d9-0a2eddd55e29,Ella Marie Burnham,https://play-lh.googleusercontent.com/a-/ALV-UjWb78f0ss2I_OW-euwqTG8VOUr1yI0foIhqAmS_dD_AHJQAVEqn,"I don't have premium but I get alot of ads, I get 2-4 adds after one song. I get the same ads over and over. But it's still a great app for listening to music on, there's plenty of podcasts to listen to, you can even make your own playlists and add any song to it! Still an amazing app! I changed my mind a bit, recently I've been getting 5 ads after one song I've uninstalled and reinstalled the app and it's not helping I've been trying to listen to a certain song and can't due to skips.",3,2,9.1.58.1567,2026-06-23 09:36:21,"Hello. Appreciate the feedback. Could you try doing a clean reinstall of the app? You can follow the steps under ""Reinstalling your Spotify app"" at support.spotify.com. If that doesn't improve the ad experience, feel free to reach out to our Customer Service by searching “Contact Us” on the same link.",2026-06-18 23:05:33,9.1.58.1567
c353b8f1-0318-43fd-980f-e12631de2e1d,Katherine Noury,https://play-lh.googleusercontent.com/a-/ALV-UjXuYNGNid77yUa4xXHZzuSP86x1KN20iCENGRBp9LmDteZeknPC,"I've been using this app for several years now (paying for ad-free, too), however it has become more of a hassle than anything recently. It plays a song or two, then pauses altogether rather than moving on to the next song in the queue. I contacted customer support for assistance, and all they could advise is that I uninstall and reinstall it, which works for a period of time before the error comes back. The only thing keeping me on Spotify has been my playlists, but that may not be enough now.",1,1,9.1.58.1567,2026-06-24 02:03:11,,,9.1.58.1567
8f861c8d-80e9-4707-8747-5b8a78e40383,lily,https://play-lh.googleusercontent.com/a-/ALV-UjVgBzpohbfGOWOFQxxhsETuQDBjsC7ia0USzS9eu2cKyHLFTi8LAA,"VERY annoying, in my opinion. You can't do a lot of stuff without premium, which is the main thing. You have a limit on skips, lyric views, and even personal song picks. Ads tend to pop up very frequently, and as if that wasn't annoying enough, you have to listen to 5 FULL ads straight, just when you think the app can't get worse it somehow does it some different way.",2,2,9.1.60.1970,2026-06-26 10:08:22,"Hey there! We're sorry to hear this, and we'll pass your feedback along to the right team. We'd recommend checking out our Premium plans. If you've never had Premium before, you should be eligible for our trial. You can also check out other deals by heading over to spotify.com/premium.",2024-08-11 17:50:53,9.1.60.1970
fbbf377c-89ed-4fa4-bac6-1473a606ccb6,Brandie Earl,https://play-lh.googleusercontent.com/a/ACg8ocIt4QSOBJtwkUt4-P3OaPTiFt-xK2SzhiyaC8pMMv5RXHX2JA=mo,"Free podcasts are cool, that's one of the only upsides though. Theres a new issue every month. The episodes are constantly glitching and restarting, after I've finished an episode,it will restart, and when a playlist I've downloaded ends, why would you try to play music I don't have downloaded? I just end up listening to nothing for the rest of my shift. The subscription is always going up while there are issues that just keep ruining the app for me. Not worth it at all.",2,1,9.1.58.1567,2026-06-21 00:27:59,,,9.1.58.1567
1721c56a-3e42-40e0-a843-f74b5db37170,wilber vasquez,https://play-lh.googleusercontent.com/a-/ALV-UjXsXnDxw4vYo5wTyiNF4R1V1D-tzfXz94kJBFJZKxj08fmQoWjd,"Spotify is honestly one of those apps that just becomes part of your daily routine without you even noticing. It’s super easy to use, and it somehow always knows what you want to hear—like the playlists and recommendations feel really personal, not random. What I like most is that it doesn’t feel limited. You can switch from music to podcasts to something new you’ve never heard before, and it all just flows naturally. It’s simple, but it doesn’t feel basic.",5,0,9.1.60.1970,2026-06-28 20:25:09,,,9.1.60.1970
4773633a-f978-4557-aa66-59d443d20cee,Jim Mastin,https://play-lh.googleusercontent.com/a/ACg8ocI8bxvhi3yZF-8ssePM4doCeu4L9oSBHfc7hTgUQzLIgz2zvQ=mo,"Actually a great app with relatively few adds and lots of great music for being the 'free' version. The more I use it, the more I enjoy it. Its my go-to for my music when I'm trying to get things done and although there are adds, i can listen right through them without having to acknowledge that ""I'm still listening!"" That, and you can actually hit the power button so you're not accidentally calling Singapore! And, that's with the free-version!",4,2,9.1.58.1567,2026-06-23 03:51:33,,,9.1.58.1567
9321c9f4-5147-44a6-a53c-6eb680b4374e,Dennis Pinsonneault,https://play-lh.googleusercontent.com/a-/ALV-UjWQEMt8JjmRHZPNzwvOyXE7nGpnAN0s2Mv-LQXHgWoGgk6NWvSb,"Premium payer. It's my favorite music/podcast app. I've only dabbled in the audio books but its nice to have those available. Some tech issues from time to time but usually fixed within a few hours. (edited) Thanks for the response developer. I did restart my phone and uninstall from scratch, still didn't work this morning. Did nothing else except walk away from the phone for a few hours and now it works as it should without changing anything.",5,3,9.1.56.574,2026-06-16 22:20:27,"Hi! Thanks for bringing this to our attention and doing some initial troubleshooting. We’d recommend uninstalling the app, restarting your phone, and redownloading the latest version from the Google Play store. If that still doesn't help, feel free to contact our Customer Service. Just search “Contact Us” at support.spotify.com.",2026-06-16 22:13:14,9.1.56.574
6f2da112-7557-4bc9-ac8e-7e0394e2db55,Reyn Matter,https://play-lh.googleusercontent.com/a-/ALV-UjVPRrR6OJiDm9o7Mt3K1NtW1MGz1NWXSrNTl3LYEl2e0xPRxz8G,"Been using Spotify for more than a decade now I think, it is a good app, great way to listen to music. I have been a premium member for most of the time I've had it. You can manage with the free version, but having whatever song you want on demand at all times is really handy, additionally being able to download songs for offline use while going camping or through mountains/flying is nice as well. It would be 5 star but I took a star after the post pandemic layoffs, left a bad taste in my mouth.",4,2,9.1.58.1567,2026-06-24 03:43:17,,,9.1.58.1567
a8aed6ab-53c4-41b4-8161-ae2d13d78b4c,Darrel Lawler,https://play-lh.googleusercontent.com/a-/ALV-UjVff71WwJcxPAK1KyncsPbp6XSQ5kvMh-fohDZDiAxY5wAlJbLh,"I love Spotify until 06/20/26. I did an update, and now my app doesn't open!!! I use Spotify on a daily basis for work, and I will not pay for something that does not work!!!( Yes, uninstalled,reinstalled your app) that's just a temporary fix!!!! I've spent years building my music library and playlist. please fix this issue, I do not want to have to find a new music streaming service.😞 (Thank you for the quick response, the clean reinstall seems to have worked.)🙂",5,1,9.1.58.1567,2026-06-24 05:47:49,"Hi! Thank you for reporting this and for your troubleshooting efforts. Have you tried a clean reinstall? This is a step above a normal reinstall. Steps can be found at support.spotify.com by searching ""Reinstall"". If that doesn't help, contact Customer Service by searching ""Contact Us"".",2026-06-24 04:02:16,9.1.58.1567
0c93f3cf-2a15-4d51-8088-8b811b1f5e37,McKendra Garrison,https://play-lh.googleusercontent.com/a-/ALV-UjW6FwR-SKo5wmbZt3OIPtRBBODl6EqEbh1j22YSBJkwBaFPmp0,"Stupid buggy, with nowhere to report bugs. Offline mode doesn't work MOST of the time. So if I have no signal I better hope I'm ALREADY listening to something, because I won't be able to access any of the other playlists, books, or podcasts that I have downloaded SPECIFICALLY FOR offline usage. The new (and now only) widget doesn't work half the time. The media playback ""notification"" also doesn't work half the time, and I have to specifically go into the app to pause or skip a song.",1,2,9.1.60.1970,2026-06-29 23:55:15,,,9.1.60.1970
6e007a9b-54ae-415b-b034-9547d503604c,J E,https://play-lh.googleusercontent.com/a-/ALV-UjWL4tgbAFgPJDKv-FarEJ1tA7cWpTcLSaUTOOdoXK-XoXsR6VwPmA,"Better than Pandora, but getting popups for things I'm not interested in when I pay for premium... is getting old VERY quickly. I also don't care about audio books... I came here for music why hit me with a pop-up about books? The algorithm has really been missing the mark as well lately. Rarely playing new music, repeating the same songs, or when I finally find a playlist I like... it changes. Really if the popups continue I'll stop paying and just listen to my own music on another app.",4,1,9.1.58.1567,2026-06-25 06:25:12,,,9.1.58.1567
b9c43c13-d5ec-4eb3-8bd3-deb52e60421d,Calvin Ikenouye,https://play-lh.googleusercontent.com/a-/ALV-UjU8qQG0775xOD3zP3_-eFoJxUHpy-G7-5v0r0P8cygcI9uRsmk,"Sort of works, 4/5 days it seems fine. Other days it wants to recommend the same 2 podcasts that I have no interest in and it won't let me remove them from recommended, or my taste profile (that I've searched for and can't find). The only thing I can do is leave a bad review to a podcast that is fine, just not for me. The rest of the day it does this play/pause thing that I have to remove the app just to play anything again, I've never shared my login. Has the music my kid wants to listen to.",2,0,9.1.58.1567,2026-06-26 02:00:10,,,9.1.58.1567
aaea452e-417a-4346-aa65-cc08c5c9003e,A.B.,https://play-lh.googleusercontent.com/a/ACg8ocI8N6dsqrhT4s3tzMwXHSfjDCbZZlOfYCm14RINOtfOBYSfpRY4=mo,"I wish I could leave negative stars. I've used Spotify for 13 years, and I have seen the platform completely disintegrate over that time. All complaints that have been left here by others are the same ones I have, but as a bonus, as of today I can only listen to one single song between ad rolls. Just one. Even a song under three minutes long. Spotify free is completely unusable. It is just a continuous slew of ads with a single song thrown in every once in awhile. It's time to move on.",1,1,9.1.60.1970,2026-06-30 06:25:03,,,9.1.60.1970
a19b6183-3256-4718-8e4f-b72743463bcc,Ally,https://play-lh.googleusercontent.com/a-/ALV-UjX-UXcoyIjsOEgBO9IU6gd3s6PinZ0nUSgRVavEZL3nMb9azy65,"First, FIRST. Shuffle doesn't work which is like a whole thing that I don't even know how to go about. But second, the ads. As someone who uses the free version, the ratio between song and ad is 4:4 which is equal, yea expect when you realize how long the ads are. Third, you only get 6 skips a day. As someone who listens to Spotify everywhere at every time, I promise some of my songs are not appropriate in some settings. Yes I can buy the monthly thing but still it doesn't make sense.",2,0,9.1.60.1970,2026-06-29 10:44:27,,,9.1.60.1970
3b3be611-dfe7-418e-83ce-c861c1859fa5,Vannie Frederici,https://play-lh.googleusercontent.com/a/ACg8ocKlCEmlrB6Nn7S8UXynaER0SStKesOmpb5YiPa7yZxzkLmHOQ=mo,"My app keeps closing and saying there is a bug 🐛 in the app that you are fixing. WHEN are you fixing it? I can't log out of my account without losing it! you've made it impossible to change the email address associated with my original account. I don't receive emails due to storage issues. I'm not paying to get an email from you. PLEASE ADVISE. I am on a premium Spotify account. PAID TO LISTEN. FIX IT, Please.",1,2,9.1.58.1567,2026-06-22 22:08:23,"Hi. We're open to feedback, and we'd like to get some more info about this to further check. If you have the time, give our Customer Service a shout. You can find them by heading to support.spotify.com and searching ""Contact us"".",2026-06-22 23:07:42,9.1.58.1567
69cb4343-b9b2-47d8-845e-dbf7671ff3d6,Opal,https://play-lh.googleusercontent.com/a-/ALV-UjUUp4sqEgnh5ucvQq3nG2-3qIu0bSvLovEO353RA9QGVgsGpJt2,"great at first ... until you realize how much AI generated music there is. I loved the audiobook feature until you realize you aren't given enough time in one month to finish a book more then 10 hrs long. they offer ""top ups"" which cost more then the premium membership. ridiculous. the podcasts are great. but you can listen to those on multiple platforms. so the totality of service is more frustrating then enjoyable.",2,2,9.1.58.1567,2026-06-21 19:24:39,,,9.1.58.1567
138350a7-3541-4b4c-8eaa-0f25b85a59ec,Peony Princess,https://play-lh.googleusercontent.com/a-/ALV-UjUFf8R_Jtbp9OBmX5Vou67v0HFeVvxfSB__7CGBDQfY64zc7V2JyA,"lots of bugs, turns off multiple times ! Please fix it during night, not in the mornings .I couldn't listen to anything on my drive to work it was a bummer .I never had issues with it before but now turns off all the time. And won't load or would be stuck on loading and freezes my whole phone. It was perfect before (if it's not broken don't fix it it ) Spotify you should live by that .Everyone would be happy even you .:)",2,2,9.1.58.1567,2026-06-21 13:36:10,"Hi. It might help if you could update your device to the latest operating system/software version. If that doesn't work, we'd recommend reaching out to our Customer Service by searching ""Contact Us"" at support.spotify.com.",2026-06-21 20:03:49,9.1.58.1567
d2f033f4-942a-48aa-9e6d-994f07450c0a,Lilyanna Rodriguez,https://play-lh.googleusercontent.com/a-/ALV-UjXAaNheCe5OJscdKLFbcriqDrbibSOW6ZIU8aFchw-sC7I8Jtc,"the free version is mid but Spotify does have a very wide range selection of songs which is amazing. though you can't do much with the free version. six skips per hour, no downloading songs(which is kinda valid tbh), and ads which isn't too surprising. premium is worth it depending on how much music you listen to. other than that, Spotify is pretty decent.",4,2,9.1.60.1970,2026-06-27 10:22:31,,,9.1.60.1970
6245afe7-7d02-4450-97bd-4bf759ab7879,Deacon Potter,https://play-lh.googleusercontent.com/a-/ALV-UjUxGnGRDeESV5vlogXhfcSCyOUgBMNLfiNOWOUgRVXk7A4dcjw,"I've been a Spotify premium member for years and honestly thinking about just canceling my subscription. The shuffle plays the same songs in the same order over and over. I've tried going into settings to fix it and it just won't stop. My playlist has almost 1.5k songs on it, there's absolutely no reason it should be playing the same stuff over and over again. Do better for charging people $15/month and not properly paying the artists that make the music.",1,1,9.1.58.1567,2026-06-23 13:50:02,,,9.1.58.1567
f6cfbf4d-f9c5-41ba-8534-2c20e4d79d40,Lucas Meier,https://play-lh.googleusercontent.com/a-/ALV-UjWTlBFurJCbZtVgwfq_4bvNQXJnDOnkAF54a04dg6K9ynajamkvzw,"I bought a large storage phone so I could download all my liked songs for offline listening. the app will still refuse to work, when online, when offline. it will just freeze. been a subscriber since 2014 but I have no idea why the more I seem to use the app, the worse it works. It will be the only app running on my phone and still not be able to play a song. very very disappointing. I have lots of music I love on Spotify and love the access it gives, but this is horrible",1,5,9.1.56.574,2026-06-18 00:54:26,"Hi. Thanks for reporting this. Have you tried a quick reinstall? Just a note, however, that you'll need to redownload your downloads once done. If that doesn't help, we'd recommend reaching out to our Customer Service at support.spotify.com. Just search “Contact Us”, and they'll be happy to help.",2026-06-18 01:22:41,9.1.56.574
99cd937a-5084-4572-a920-561a90df7d38,Brooklyn,https://play-lh.googleusercontent.com/a-/ALV-UjWU9Wl91-cmHgUMiok4OLn796JY4Bdr1iu15mDZbmC98FDBeks4yw,"I find it incredibly stupid that theres only 6 song skips an hour and you need to pay for ads to go away. Spotify is big enough to not need all the ads it has. Why do you even need to limit it to 6 skips? theres no reason. Seems pretty hungry for money if you ask me. Not to mention the ""30 minutes of ad free listening"" which isn't true. I've read other reviews and spotify keeps saying they'll fix it but they arent. I get 2-3 minutes of ad free listening before another ad pops up.",2,0,9.1.60.1970,2026-06-28 08:43:10,,,9.1.60.1970
be721fbe-54b9-4bb6-8f94-ac0f17cd58c6,Lyddie D,https://play-lh.googleusercontent.com/a-/ALV-UjWbvUcGD-yehj7q7OhPW-silnvnsxcUq3NndmoHLMOANLzXUHU,"I'm officially exhausted with Spotify. What kind of music app doesn't let you play an album without including random songs then plays tracklist on shuffled?! Not to mention, how many ads there are. There's a limit to specify songs I can pick, I can't download songs, and you have to pay just for a trial beforehand if you are paying with Google Play. Not everyone can afford a 144 dollar subscription btw. Also I'm disgusted by how AI features have been forced on people. Bring back free music!!!!",1,2,9.1.60.1970,2026-06-26 19:35:55,,,9.1.60.1970
2e2e2bfa-93e2-474b-b0f0-b0107d05cfe0,tertyree,https://play-lh.googleusercontent.com/a-/ALV-UjXTLYlBQ5hiPYrsHhCvionTeXSXS7Qx-XCyOPO5FaPWj95WkuvH5Q,"What's up with the songs that suddenly sound different? Add song to a playlist and after a couple weeks the song I've listened to a dozen times is suddenly a completely different sound. Same or similar lyrics, same melody, but a different tempo and composition, and suddenly the voice has a weird Transylvanian (?) accent? What is this? Please fix.",2,2,9.1.56.574,2026-06-18 06:14:34,,,9.1.56.574
44ba1b50-560d-4bdd-a7bd-7eb376a2976b,Gregory Dayley,https://play-lh.googleusercontent.com/a-/ALV-UjUKhBIsyZSOOlIcASAlgRoZ0tiaePRLKoW0q6kF_khapQjWcLVh,"Overall I like the app now that I am on premium. If the price raises any more I'll go back to radio though. They have most of the songs I like, but there is a growing library of of music I cannot listen to anymore. The new widget is also very limited. the old widget would allow me to activate an auto-generated Playlist then mark the songs I liked. the new widget still plays the Playlist but I have to open the app to mark the songs I like.",3,4,9.1.56.574,2026-06-15 22:53:19,,,9.1.56.574
73bd2b0d-236b-4cf8-9878-1429eaff6863,Sherry W,https://play-lh.googleusercontent.com/a-/ALV-UjVEchf8dQN5t8wvUACSYPeV1Gxlt3scoVX1XgBKCMCSa5pmvfw,"I have been using Spotify for several years now and I have come to the realization that it is another victim of shitification. It was a beloved music player once, but now all it does is lag. It is incredibly buggy and doesn't work half the time. I have to restart the app over and over and over again just to get my liked songs, the songs that are downloaded to my phone, to load. I don't understand why I have to wait for downloaded songs to load if they are on my device. Pathetic",1,3,9.1.56.574,2026-06-19 08:05:49,"Hi. It might help if you could update your device to the latest operating system/software version. If that doesn't work, we'd recommend reaching out to our Customer Service by searching ""Contact Us"" at support.spotify.com.",2026-06-19 18:31:57,9.1.56.574
ce77b4d3-bb27-4480-8477-9416c2bf32e6,Erwinsmissingarm,https://play-lh.googleusercontent.com/a-/ALV-UjW3uCe0bDE_JOJzovS8e1ub9zmZv0DO1z4-126dPE-Jz0ZG97T_,"I has a terrible experience with this app. The free version is just horrendous and unbearable. you can only get 6 skips per hours then you the playback bar is unusable. That's not even the worse part. You can't use the back button as its a premium feature and the icing on the cake is that at some point like after clicking a few songs, they dont allow you to choose a song again until the next day which is so stupid. The app has just become money hungry and im transferring because it's ridiculous.",1,2,9.1.58.1567,2026-06-24 23:34:15,,,9.1.58.1567
b12dec8a-c928-45e9-8fd9-8a40de4a8ee5,Jeffrey Rothstein,https://play-lh.googleusercontent.com/a-/ALV-UjXrszpI9FY0lqOqQWBCySCOYQ6YXRgPlyEhHXU1Su8FVlMjED_y,"I've used Spotify for over 10 years, and it just keeps getting better. The seamless experience across all my devices, with any device able to control playback, is unmatched. I also love that they've optimized the app for foldable phones; something so few developers do well. Whether I'm offline on a long flight or sharing a Jam with friends, Spotify is always my go-to for music.",5,0,9.1.60.1970,2026-06-27 23:19:51,,,9.1.60.1970
c7e97274-5251-4417-8342-a1fb7ab83078,Caitlyn Chapin,https://play-lh.googleusercontent.com/a-/ALV-UjWq1TuNVRZNg-czGXNR_W1xmU-KzZFaIZS2qH6RdJ-jXUMhyFSQ,"too many ads, but there are a lot of songs to choose from, and you can have thousands of songs on one playlist. I do wish that when you create a new account, you can try 1-3 weeks of premium without it going to the purchase area, but other than that, it is a really good app with tons of different music styles, genres, types, artists, etc.",4,1,9.1.60.1970,2026-06-28 09:24:37,,,9.1.60.1970
182c0c98-5780-4dca-a626-f5cedc09b199,Tanner Michels,https://play-lh.googleusercontent.com/a-/ALV-UjWRCumjI2Okna5sZb12KsO8Het_J76Qr19aZhpwvseauKqIiAI-oA,"Podcast videos no longer work when connected to car! It's so frustrating when my passenger wants to see the video but also has it through the cars Bluetooth! I understand it's probably a safety feature! But I don't need a parent! as an adult, if my passenger wants to watch the video podcast on the phone while also having it through the Bluetooth speakers, then it should be able to happen especially for long road trips! Why are you regulating us! It's despicable! It's freaking communist!",1,2,9.1.60.1970,2026-06-26 21:40:58,,,9.1.60.1970
8469bbb9-c46f-47c2-9ce3-77ca6f64b41c,Zyazan Schmal,https://play-lh.googleusercontent.com/a/ACg8ocL3eitdaXxBLMp80Xx_VZMjIi80SJgOjJ9-aFYjKZdTJqNUVNZ6=mo,"money hungry. constant ads after 2-3 songs. if I'm lucky then 4-5. half of those ads are to advertise Spotify premium, how desperate are you? when I'm using the app on my tv I get 5 ads at once. I would like to use another music app but this one has so many songs and playlists, it would be terrible to create those playlists and like songs all over again. I like how you can get 30 minutes without ads. and I'm glad that not everything is restricted for free users. but still that's the bare minimum",1,2,9.1.58.1567,2026-06-25 21:17:38,,,9.1.58.1567
16c913e3-33d5-41d5-9371-66db53cf7412,Amanda K,https://play-lh.googleusercontent.com/a/ACg8ocJC_zyfV_gEIbedd_tUULrDtcJDAzhV_rv8-toFkmhPGG8ffw=mo,"Every update seems to make the app crash. I end up having to uninstall and reinstall it just to get it working again. It's frustrating that this keeps happening. For how often Spotify pushes ads encouraging users to upgrade to Premium, you'd think the app would be more reliable. Please focus on fixing stability instead of constantly pushing subscriptions.",1,3,9.1.60.1970,2026-06-26 20:08:56,"Hi. Thanks for sharing your thoughts. We suggest clean reinstalling the app as it fixes many common issues. Just search ""Reinstall"" at support.spotify.com for the steps. If you need more help, you can reach out to our Customer Service by searching ""Contact us"" on the same site.",2026-06-26 21:15:20,9.1.60.1970
538af6ee-21a0-41d6-b22c-5f4ca7c814e5,Elyse,https://play-lh.googleusercontent.com/a-/ALV-UjXVNytcVHn7H1I1oqdAi0UojfpaA6AyBsoogwU0UFUUDiBlr3s3,"Why are there videos on this platform if it can't support them? Especially if you're going to charge more per month after forcing them into the app. It freezes my phone up every time I turn on a podcast that has video. I never want to watch them, video just comes up automatically and I have to spend the next 5 minutes trying to fix my phone. Good job.",3,10,9.1.58.1567,2026-06-27 21:42:43,,,9.1.58.1567
1b66701f-16a1-408a-b690-de6ab8612a4f,Timothy Eisenhart,https://play-lh.googleusercontent.com/a-/ALV-UjVHgZVYe3EVc5Dw0d-8b6cuoFNAqLSpBUo33HjFTwRpXJiw6Gw,"As of 6/17/2026, we are now forced to use the big widget instead of the smaller one. Changing my rating to a 1 star. Too many ads now, tells you here's a ½ hour of ad free play and plays an ad after the 1st or 2nd song. 80% of the time, when I skip a track, an ad comes on. Starting to be like all the other apps. Still not fixed as of 6/24/2025 & now we are forced to warch ads. can't search or anything. pauses as soon as you back out to search. Come on guys! This is getting more & more ridiculous",1,1668,9.1.56.574,2026-06-18 00:52:09,"We're sorry to hear this, and we'll pass your feedback along to the Ads team. For an ad-free experience, we'd recommend checking out our Premium plans. If you've never had Premium before, you should be eligible for our trial. You can also check out other deals by heading over to spotify.com/premium.",2024-11-21 16:40:46,9.1.56.574
0f0b7216-435c-4049-aa68-4e8bcb870142,Alex Thomas,https://play-lh.googleusercontent.com/a-/ALV-UjV6e4i58IB9sB2L2tYY2e2H48bR0v0X2wEl6sAHOkAbDuLyL_Q2LA,"I've used this app and paid for premium for years, it's the only subscription service I pay for except my phone bill. But in the last several days it has been crashing for doing basic functions like opening the search tab or the queue. Now it crashes almost as soon as I open it. I've cleared the cache, closed the app, and tried force stopping it but nothing works. It's currently unusable.",1,0,9.1.58.1567,2026-06-22 20:18:46,"Hi! Thank you for reporting this and for your troubleshooting efforts. We'd suggests restarting your device to see if that makes any difference. If that doesn't help, you can contact our Customer Service by heading to support.spotify.com and searching ""Contact us"".",2026-06-22 21:16:16,9.1.58.1567
b1dbfcfd-5609-478e-91cb-a6722d25db0c,That Train Guy,https://play-lh.googleusercontent.com/a-/ALV-UjUh5DQOTaBUwTMQU8LUSSpqF5_7-tYcAyHAwYANVolQjfyUa7k,"problem 1 after every single song 3 to 6 ads play and they are 30 to 60 seconds long and you can't skip them in app I understand that they have to make money somehow but with how many people buy premium I feel 6 30 second ads is just greedy. problem 2 a lot of features are locked or hard to access I know why this is it's to encourage people to buy premium but having a random song that is ""similar to your Playlist"" is not even close to what I want to listen to. otherwise a decent app for music.",2,0,9.1.60.1970,2026-06-28 22:43:12,,,9.1.60.1970
ef7508cb-82b3-44a3-935f-b08fb7ea2041,Matt F,https://play-lh.googleusercontent.com/a/ACg8ocLnCNgV-FoGF9jDktEuJMKHnjyx11oYex4DipyD849BhNzutA=mo,"Used to be great. Something changed at some point. I'm paying for premium, have 3000+ songs saved, and their shuffle algorithm absolutely sucks. Plays the same few hundred songs(being generous) and in the same order. It's really not shuffle. Reached out a few times about it and got nowhere. I'm probably canceling soon.",2,1,9.1.58.1567,2026-06-24 15:01:44,,,9.1.58.1567
3dea25be-cb6e-42a9-9b17-ef25dc9a342f,Mitchial Stones,https://play-lh.googleusercontent.com/a-/ALV-UjUv_RgYsk92GrDQazBgqsn9L0VHp_NXcHdDnAWHyHSaFPAWsEsZ,"I'll be blunt. the new music widget absolutely sucks. the old one worked great. but this ""new and improved"" one... won't even open 80% of the time and when it does it opens to the complete wrong song or playlist that you were playing. it's quite disappointing. I used to use the widget daily. now I almost never use it. in fact it has decreased my Spotify usage.... better luck next time spotify",2,1,9.1.58.1567,2026-06-22 09:40:41,,,9.1.58.1567
531b47e3-328a-4c85-ad90-c478e8d29e54,abby v.r.,https://play-lh.googleusercontent.com/a-/ALV-UjUbTYBmiyvdMQMB33TIy9YlEoPRPWT5T4hEeT5l4hoPHRQzwKg,"Gets more expensive, but rarely better The bad captions are a huge problem, & I've heard the artists have no option to turn them off OR correct them This is an accessibility issue first, but also creators should have the option to correct them if the auto gen is wrong As for the audio book rip off? save your money, get a library card, download Libby. You get access to audio books for free, & any exclusives won't be for long. Remember the podcasts?",2,1,9.1.58.1567,2026-06-27 01:21:32,,,9.1.58.1567
abe99297-279c-4c60-a231-3fcf3709eae5,Aurora,https://play-lh.googleusercontent.com/a-/ALV-UjXTr2oqRQKouLbycdoFRhu51ZFo_3m2hoEja0hp4lJ8SkILepKDvg,I used to love spotify. I've had it for over 10 years. lately it's been telling me I'm offline all of the time when I have either Wi-Fi or cellular data connection. I'm having trouble playing it on an external speaker. whether that be a Bluetooth speaker or on my TV app... not very happy with the service as of right now.... I've uninstalled and re-installed the app on both my phone and my tv. I am getting automatic updates. I'm at a loss here. I will update review if the service gets better..,2,0,9.1.60.1970,2026-06-29 21:45:25,"Hi. Thanks for sharing your experience. You can find some steps to help with this by checking out ""Spotify Connect"" at support.spotify.com. If you need more help, you can reach out to our Customer Service by searching ""Contact us"" on the same site.",2026-06-29 22:09:44,9.1.60.1970
dce882a5-d62c-4118-ac40-149c88c5aade,Abigail Laird,https://play-lh.googleusercontent.com/a-/ALV-UjXj_p7DRu1P8SpNNXSz7k3_yC1f8fgKtiXoi_smuwyvVQsJa96N1Q,"I've used Spotify for over 10 years. i remember when you got 1 minute of adds every 30 minutes on the free version. ive paid the subscription for most of those years, but i can't afford it anymore. went back to free, now its 1 to 2 minutes of adds every 2 songs. so every 6 minutes there are 2 minutes of adds. its disgusting. its predatory. this billion dollar business has no reason to put adds this frequently. i feel like listening to music and i think ""nvm the adds are too much"". bad company.",1,3,9.1.58.1567,2026-06-21 03:55:50,,,9.1.58.1567
54347cae-759f-4043-89d2-735f6806a155,John Kanzlemar,https://play-lh.googleusercontent.com/a/ACg8ocKudQDjEDFbgLzm7-fW1puctNfzH-sWJNuB5yvmNctBfTgNPw=mo,"Stop suggesting me podcasts in other feeds. If I'm already looking at a podcast I do not want to see episodes from other shows, let alone the ones that are being suggested. If I want to find other podcasts I'll look for them. If I accidentally click on one of them I keep seeing them and other unhelpful suggestions. Fix this or were canceling our premium subscription.",1,3,9.1.58.1567,2026-06-20 16:19:38,,,9.1.58.1567
